entity_id,canonical_name,short_name,aliases,level,parent_group,province,city,district,org_type,regulator,website,recruit_url,wechat,source_url,confidence,last_verified
cn-sgcc,国家电网有限公司,国家电网,国家电网|国网,央企集团,,,,,soe,国务院国资委,,,,https://wap.sasac.gov.cn/n2588045/n27271785/n27271792/c14159097/content.html,official_seed,2026-09-02
cn-cmcc,中国移动通信集团有限公司,中国移动,中国移动|移动集团,央企集团,,,,,soe,国务院国资委,,,,https://wap.sasac.gov.cn/n2588045/n27271785/n27271792/c14159097/content.html,official_seed,2026-09-02
cn-ctcc,中国电信集团有限公司,中国电信,中国电信|电信集团,央企集团,,,,,soe,国务院国资委,,,,https://wap.sasac.gov.cn/n2588045/n27271785/n27271792/c14159097/content.html,official_seed,2026-09-02
cn-unicom,中国联合网络通信集团有限公司,中国联通,中国联通|联通集团,央企集团,,,,,soe,国务院国资委,,,,https://wap.sasac.gov.cn/n2588045/n27271785/n27271792/c14159097/content.html,official_seed,2026-09-02
cn-ceec,中国能源建设集团有限公司,中国能建,中国能建|能源建设集团,央企集团,,,,,soe,国务院国资委,,,,https://wap.sasac.gov.cn/n2588045/n27271785/n27271792/c14159097/content.html,official_seed,2026-09-02
cn-powerchina,中国电力建设集团有限公司,中国电建,中国电建|电力建设集团,央企集团,,,,,soe,国务院国资委,,,,https://wap.sasac.gov.cn/n2588045/n27271785/n27271792/c14159097/content.html,official_seed,2026-09-02
cn-cetc,中国电子科技集团有限公司,中国电科,中国电科|中电科,央企集团,,,,,soe,国务院国资委,,,,https://wap.sasac.gov.cn/n2588045/n27271785/n27271792/c14159097/content.html,official_seed,2026-09-02
cn-cscec,中国建筑集团有限公司,中国建筑,中国建筑|中建集团,央企集团,,,,,soe,国务院国资委,,,,https://wap.sasac.gov.cn/n2588045/n27271785/n27271792/c14159097/content.html,official_seed,2026-09-02
cn-crec,中国中铁股份有限公司,中国中铁,中国中铁,央企集团,,,,,soe,国务院国资委,,,,https://wap.sasac.gov.cn/n2588045/n27271785/n27271792/c14159097/content.html,official_seed,2026-09-02
cn-crcc,中国铁建股份有限公司,中国铁建,中国铁建,央企集团,,,,,soe,国务院国资委,,,,https://wap.sasac.gov.cn/n2588045/n27271785/n27271792/c14159097/content.html,official_seed,2026-09-02
cn-cccc,中国交通建设集团有限公司,中国交建,中国交建|中交集团,央企集团,,,,,soe,国务院国资委,,,,https://wap.sasac.gov.cn/n2588045/n27271785/n27271792/c14159097/content.html,official_seed,2026-09-02
cn-sinopec,中国石油化工集团有限公司,中国石化,中国石化|中石化,央企集团,,,,,soe,国务院国资委,,,,https://wap.sasac.gov.cn/n2588045/n27271785/n27271792/c14159097/content.html,official_seed,2026-09-02
cn-petrochina,中国石油天然气集团有限公司,中国石油,中国石油|中石油,央企集团,,,,,soe,国务院国资委,,,,https://wap.sasac.gov.cn/n2588045/n27271785/n27271792/c14159097/content.html,official_seed,2026-09-02
cn-cnooc,中国海洋石油集团有限公司,中国海油,中国海油|中海油,央企集团,,,,,soe,国务院国资委,,,,https://wap.sasac.gov.cn/n2588045/n27271785/n27271792/c14159097/content.html,official_seed,2026-09-02
cn-chinaenergy,国家能源投资集团有限责任公司,国家能源集团,国家能源|国家能源集团,央企集团,,,,,soe,国务院国资委,,,,https://wap.sasac.gov.cn/n2588045/n27271785/n27271792/c14159097/content.html,official_seed,2026-09-02
cn-spic,国家电力投资集团有限公司,国家电投,国家电投|国电投,央企集团,,,,,soe,国务院国资委,,,,https://wap.sasac.gov.cn/n2588045/n27271785/n27271792/c14159097/content.html,official_seed,2026-09-02
cn-huaneng,中国华能集团有限公司,中国华能,中国华能|华能集团,央企集团,,,,,soe,国务院国资委,,,,https://wap.sasac.gov.cn/n2588045/n27271785/n27271792/c14159097/content.html,official_seed,2026-09-02
cn-datang,中国大唐集团有限公司,中国大唐,中国大唐|大唐集团,央企集团,,,,,soe,国务院国资委,,,,https://wap.sasac.gov.cn/n2588045/n27271785/n27271792/c14159097/content.html,official_seed,2026-09-02
cn-chd,中国华电集团有限公司,中国华电,中国华电|华电集团,央企集团,,,,,soe,国务院国资委,,,,https://wap.sasac.gov.cn/n2588045/n27271785/n27271792/c14159097/content.html,official_seed,2026-09-02
cn-cosco,中国远洋海运集团有限公司,中国远洋海运,中远海运|中国远洋海运,央企集团,,,,,soe,国务院国资委,,,,https://wap.sasac.gov.cn/n2588045/n27271785/n27271792/c14159097/content.html,official_seed,2026-09-02
cn-crc,华润（集团）有限公司,华润集团,华润|华润集团,央企集团,,,,,soe,国务院国资委,,,,https://wap.sasac.gov.cn/n2588045/n27271785/n27271792/c14159097/content.html,official_seed,2026-09-02
cn-cmhk,招商局集团有限公司,招商局,招商局|招商局集团,央企集团,,,,,soe,国务院国资委,,,,https://wap.sasac.gov.cn/n2588045/n27271785/n27271792/c14159097/content.html,official_seed,2026-09-02
cn-comac,中国商用飞机有限责任公司,中国商飞,中国商飞|商飞,央企集团,,,,,soe,国务院国资委,,,,https://wap.sasac.gov.cn/n2588045/n27271785/n27271792/c14159097/content.html,official_seed,2026-09-02
cn-baowu,中国宝武钢铁集团有限公司,中国宝武,中国宝武|宝武集团,央企集团,,,,,soe,国务院国资委,,,,https://wap.sasac.gov.cn/n2588045/n27271785/n27271792/c14159097/content.html,official_seed,2026-09-02
cen-sgcc-zj,国网浙江省电力有限公司,国网浙江电力,浙江电力|国网浙江,央企在浙单位,国家电网有限公司,浙江,,,soe,国家电网有限公司,,,,https://wap.sasac.gov.cn/n2588045/n27271785/n27271792/c14159097/content.html,curated_seed,2026-09-02
cen-sgcc-js,国网江苏省电力有限公司,国网江苏电力,江苏电力|国网江苏,央企在苏单位,国家电网有限公司,江苏,,,soe,国家电网有限公司,,,,https://wap.sasac.gov.cn/n2588045/n27271785/n27271792/c14159097/content.html,curated_seed,2026-09-02
cen-sgcc-sh,国网上海市电力公司,国网上海电力,上海电力|国网上海,央企在沪单位,国家电网有限公司,上海,上海,,soe,国家电网有限公司,,,,https://wap.sasac.gov.cn/n2588045/n27271785/n27271792/c14159097/content.html,curated_seed,2026-09-02
cen-sgcc-ah,国网安徽省电力有限公司,国网安徽电力,安徽电力|国网安徽,央企在皖单位,国家电网有限公司,安徽,,,soe,国家电网有限公司,,,,https://wap.sasac.gov.cn/n2588045/n27271785/n27271792/c14159097/content.html,curated_seed,2026-09-02
cen-cmcc-zj,中国移动通信集团浙江有限公司,浙江移动,中国移动浙江|浙江移动,央企在浙单位,中国移动通信集团有限公司,浙江,,,soe,中国移动通信集团有限公司,,,,https://wap.sasac.gov.cn/n2588045/n27271785/n27271792/c14159097/content.html,curated_seed,2026-09-02
cen-cmcc-js,中国移动通信集团江苏有限公司,江苏移动,中国移动江苏|江苏移动,央企在苏单位,中国移动通信集团有限公司,江苏,,,soe,中国移动通信集团有限公司,,,,https://wap.sasac.gov.cn/n2588045/n27271785/n27271792/c14159097/content.html,curated_seed,2026-09-02
cen-cmcc-sh,中国移动通信集团上海有限公司,上海移动,中国移动上海|上海移动,央企在沪单位,中国移动通信集团有限公司,上海,上海,,soe,中国移动通信集团有限公司,,,,https://wap.sasac.gov.cn/n2588045/n27271785/n27271792/c14159097/content.html,curated_seed,2026-09-02
cen-cmcc-ah,中国移动通信集团安徽有限公司,安徽移动,中国移动安徽|安徽移动,央企在皖单位,中国移动通信集团有限公司,安徽,,,soe,中国移动通信集团有限公司,,,,https://wap.sasac.gov.cn/n2588045/n27271785/n27271792/c14159097/content.html,curated_seed,2026-09-02
cen-ctcc-zj,中国电信股份有限公司浙江分公司,浙江电信,中国电信浙江|浙江电信,央企在浙单位,中国电信集团有限公司,浙江,,,soe,中国电信集团有限公司,,,,https://wap.sasac.gov.cn/n2588045/n27271785/n27271792/c14159097/content.html,curated_seed,2026-09-02
cen-ctcc-js,中国电信股份有限公司江苏分公司,江苏电信,中国电信江苏|江苏电信,央企在苏单位,中国电信集团有限公司,江苏,,,soe,中国电信集团有限公司,,,,https://wap.sasac.gov.cn/n2588045/n27271785/n27271792/c14159097/content.html,curated_seed,2026-09-02
cen-ctcc-sh,中国电信股份有限公司上海分公司,上海电信,中国电信上海|上海电信,央企在沪单位,中国电信集团有限公司,上海,上海,,soe,中国电信集团有限公司,,,,https://wap.sasac.gov.cn/n2588045/n27271785/n27271792/c14159097/content.html,curated_seed,2026-09-02
cen-ctcc-ah,中国电信股份有限公司安徽分公司,安徽电信,中国电信安徽|安徽电信,央企在皖单位,中国电信集团有限公司,安徽,,,soe,中国电信集团有限公司,,,,https://wap.sasac.gov.cn/n2588045/n27271785/n27271792/c14159097/content.html,curated_seed,2026-09-02
cen-unicom-zj,中国联合网络通信有限公司浙江省分公司,浙江联通,中国联通浙江|浙江联通,央企在浙单位,中国联合网络通信集团有限公司,浙江,,,soe,中国联合网络通信集团有限公司,,,,https://wap.sasac.gov.cn/n2588045/n27271785/n27271792/c14159097/content.html,curated_seed,2026-09-02
cen-unicom-js,中国联合网络通信有限公司江苏省分公司,江苏联通,中国联通江苏|江苏联通,央企在苏单位,中国联合网络通信集团有限公司,江苏,,,soe,中国联合网络通信集团有限公司,,,,https://wap.sasac.gov.cn/n2588045/n27271785/n27271792/c14159097/content.html,curated_seed,2026-09-02
cen-unicom-sh,中国联合网络通信有限公司上海市分公司,上海联通,中国联通上海|上海联通,央企在沪单位,中国联合网络通信集团有限公司,上海,上海,,soe,中国联合网络通信集团有限公司,,,,https://wap.sasac.gov.cn/n2588045/n27271785/n27271792/c14159097/content.html,curated_seed,2026-09-02
cen-unicom-ah,中国联合网络通信有限公司安徽省分公司,安徽联通,中国联通安徽|安徽联通,央企在皖单位,中国联合网络通信集团有限公司,安徽,,,soe,中国联合网络通信集团有限公司,,,,https://wap.sasac.gov.cn/n2588045/n27271785/n27271792/c14159097/content.html,curated_seed,2026-09-02
cen-powerchina-hydro,中国电建集团华东勘测设计研究院有限公司,华东院,中国电建华东院|华东勘测设计研究院,央企在浙单位,中国电力建设集团有限公司,浙江,杭州,,soe,中国电力建设集团有限公司,,,,https://wap.sasac.gov.cn/n2588045/n27271785/n27271792/c14159097/content.html,curated_seed,2026-09-02
cen-ceec-zj,中国能源建设集团浙江火电建设有限公司,浙江火电,中国能建浙江火电|浙江火电,央企在浙单位,中国能源建设集团有限公司,浙江,杭州,,soe,中国能源建设集团有限公司,,,,https://wap.sasac.gov.cn/n2588045/n27271785/n27271792/c14159097/content.html,curated_seed,2026-09-02
cen-ceec-ah2,中国能源建设集团安徽电力建设第二工程有限公司,安徽电建二公司,中国能建安徽电建二公司|安徽电建二公司,央企在皖单位,中国能源建设集团有限公司,安徽,合肥,,soe,中国能源建设集团有限公司,,,,https://wap.sasac.gov.cn/n2588045/n27271785/n27271792/c14159097/content.html,curated_seed,2026-09-02
cen-cetc-ah38,中国电子科技集团公司第三十八研究所,中国电科38所,中电38所|38所|中国电科第三十八研究所,央企在皖单位,中国电子科技集团有限公司,安徽,合肥,,soe,中国电子科技集团有限公司,,,,https://wap.sasac.gov.cn/n2588045/n27271785/n27271792/c14159097/content.html,curated_seed,2026-09-02
cen-cetc-ah43,中国电子科技集团公司第四十三研究所,中国电科43所,中电43所|43所|中国电科第四十三研究所,央企在皖单位,中国电子科技集团有限公司,安徽,合肥,,soe,中国电子科技集团有限公司,,,,https://wap.sasac.gov.cn/n2588045/n27271785/n27271792/c14159097/content.html,curated_seed,2026-09-02
cen-cetc-js14,中国电子科技集团公司第十四研究所,中国电科14所,中电14所|14所|中国电科第十四研究所,央企在苏单位,中国电子科技集团有限公司,江苏,南京,,soe,中国电子科技集团有限公司,,,,https://wap.sasac.gov.cn/n2588045/n27271785/n27271792/c14159097/content.html,curated_seed,2026-09-02
cen-cetc-js28,中国电子科技集团公司第二十八研究所,中国电科28所,中电28所|28所|中国电科第二十八研究所,央企在苏单位,中国电子科技集团有限公司,江苏,南京,,soe,中国电子科技集团有限公司,,,,https://wap.sasac.gov.cn/n2588045/n27271785/n27271792/c14159097/content.html,curated_seed,2026-09-02
cen-cetc-zj36,中国电子科技集团公司第三十六研究所,中国电科36所,中电36所|36所|中国电科第三十六研究所,央企在浙单位,中国电子科技集团有限公司,浙江,嘉兴,,soe,中国电子科技集团有限公司,,,,https://wap.sasac.gov.cn/n2588045/n27271785/n27271792/c14159097/content.html,curated_seed,2026-09-02
sh-international,上海国际集团有限公司,上海国际集团,上海国际集团,市属国企,,上海,上海,,soe,上海市国资委,,,,https://www.gzw.sh.gov.cn/shgzw_xtdw/,official_seed,2026-09-02
sh-guosheng,上海国盛（集团）有限公司,上海国盛集团,上海国盛集团,市属国企,,上海,上海,,soe,上海市国资委,,,,https://www.gzw.sh.gov.cn/shgzw_xtdw/,official_seed,2026-09-02
sh-gztz,上海国有资本投资有限公司,上海国投,上海国投,市属国企,,上海,上海,,soe,上海市国资委,,,,https://www.gzw.sh.gov.cn/shgzw_xtdw/,official_seed,2026-09-02
sh-exchange,上海交易集团有限公司,上海交易集团,上海交易集团,市属国企,,上海,上海,,soe,上海市国资委,,,,https://www.gzw.sh.gov.cn/shgzw_xtdw/,official_seed,2026-09-02
sh-saic,上海汽车集团股份有限公司,上汽集团,上汽集团,市属国企,,上海,上海,,soe,上海市国资委,,,,https://www.gzw.sh.gov.cn/shgzw_xtdw/,official_seed,2026-09-02
sh-electric,上海电气集团股份有限公司,上海电气,上海电气,市属国企,,上海,上海,,soe,上海市国资委,,,,https://www.gzw.sh.gov.cn/shgzw_xtdw/,official_seed,2026-09-02
sh-huayi,上海华谊集团股份有限公司,华谊集团,华谊集团,市属国企,,上海,上海,,soe,上海市国资委,,,,https://www.gzw.sh.gov.cn/shgzw_xtdw/,official_seed,2026-09-02
sh-shi,上海实业（集团）有限公司,上实集团,上实集团,市属国企,,上海,上海,,soe,上海市国资委,,,,https://www.gzw.sh.gov.cn/shgzw_xtdw/,official_seed,2026-09-02
sh-sipg,上海国际港务（集团）股份有限公司,上港集团,上港集团,市属国企,,上海,上海,,soe,上海市国资委,,,,https://www.gzw.sh.gov.cn/shgzw_xtdw/,official_seed,2026-09-02
sh-shenergy,申能（集团）有限公司,申能集团,申能集团,市属国企,,上海,上海,,soe,上海市国资委,,,,https://www.gzw.sh.gov.cn/shgzw_xtdw/,official_seed,2026-09-02
sh-instrument,上海仪电（集团）有限公司,上海仪电,上海仪电,市属国企,,上海,上海,,soe,上海市国资委,,,,https://www.gzw.sh.gov.cn/shgzw_xtdw/,official_seed,2026-09-02
sh-huahong,上海华虹（集团）有限公司,华虹集团,华虹集团,市属国企,,上海,上海,,soe,上海市国资委,,,,https://www.gzw.sh.gov.cn/shgzw_xtdw/,official_seed,2026-09-02
sh-data,上海数据集团有限公司,上海数据集团,上海数据集团,市属国企,,上海,上海,,soe,上海市国资委,,,,https://www.gzw.sh.gov.cn/shgzw_xtdw/,official_seed,2026-09-02
sh-lianhe,上海联和投资有限公司,联和投资,联和投资,市属国企,,上海,上海,,soe,上海市国资委,,,,https://www.gzw.sh.gov.cn/shgzw_xtdw/,official_seed,2026-09-02
sh-spdb,上海浦东发展银行股份有限公司,浦发银行,浦发银行,市属国企,,上海,上海,,soe,上海市国资委,,,,https://www.gzw.sh.gov.cn/shgzw_xtdw/,official_seed,2026-09-02
sh-bank,上海银行股份有限公司,上海银行,上海银行,市属国企,,上海,上海,,soe,上海市国资委,,,,https://www.gzw.sh.gov.cn/shgzw_xtdw/,official_seed,2026-09-02
sh-srcb,上海农村商业银行股份有限公司,上海农商银行,上海农商银行,市属国企,,上海,上海,,soe,上海市国资委,,,,https://www.gzw.sh.gov.cn/shgzw_xtdw/,official_seed,2026-09-02
sh-guotaihaitong,国泰海通证券股份有限公司,国泰海通,国泰海通,市属国企,,上海,上海,,soe,上海市国资委,,,,https://www.gzw.sh.gov.cn/shgzw_xtdw/,official_seed,2026-09-02
sh-cic,中保投资有限责任公司,中保投资,中保投资,市属国企,,上海,上海,,soe,上海市国资委,,,,https://www.gzw.sh.gov.cn/shgzw_xtdw/,official_seed,2026-09-02
sh-airport,上海机场（集团）有限公司,上海机场集团,上海机场集团,市属国企,,上海,上海,,soe,上海市国资委,,,,https://www.gzw.sh.gov.cn/shgzw_xtdw/,official_seed,2026-09-02
sh-land,上海地产（集团）有限公司,上海地产集团,上海地产集团,市属国企,,上海,上海,,soe,上海市国资委,,,,https://www.gzw.sh.gov.cn/shgzw_xtdw/,official_seed,2026-09-02
sh-chengtou,上海城投（集团）有限公司,上海城投集团,上海城投集团,市属国企,,上海,上海,,soe,上海市国资委,,,,https://www.gzw.sh.gov.cn/shgzw_xtdw/,official_seed,2026-09-02
sh-jiushi,上海久事（集团）有限公司,久事集团,久事集团,市属国企,,上海,上海,,soe,上海市国资委,,,,https://www.gzw.sh.gov.cn/shgzw_xtdw/,official_seed,2026-09-02
sh-metro,上海申通地铁集团有限公司,申通地铁集团,申通地铁集团,市属国企,,上海,上海,,soe,上海市国资委,,,,https://www.gzw.sh.gov.cn/shgzw_xtdw/,official_seed,2026-09-02
sh-lingang,上海临港经济发展（集团）有限公司,临港集团,临港集团,市属国企,,上海,上海,,soe,上海市国资委,,,,https://www.gzw.sh.gov.cn/shgzw_xtdw/,official_seed,2026-09-02
sh-shendi,上海申迪（集团）有限公司,申迪集团,申迪集团,市属国企,,上海,上海,,soe,上海市国资委,,,,https://www.gzw.sh.gov.cn/shgzw_xtdw/,official_seed,2026-09-02
sh-yangtze,长三角投资（上海）有限公司,长三角投资,长三角投资,市属国企,,上海,上海,,soe,上海市国资委,,,,https://www.gzw.sh.gov.cn/shgzw_xtdw/,official_seed,2026-09-02
sh-agri,上海市现代农业投资发展集团有限公司,上海农投集团,上海农投集团,市属国企,,上海,上海,,soe,上海市国资委,,,,https://www.gzw.sh.gov.cn/shgzw_xtdw/,official_seed,2026-09-02
sh-hub,上海东方枢纽投资建设发展集团有限公司,东方枢纽集团,东方枢纽集团,市属国企,,上海,上海,,soe,上海市国资委,,,,https://www.gzw.sh.gov.cn/shgzw_xtdw/,official_seed,2026-09-02
sh-test,上海市检验检测认证有限公司,上检公司,上检公司,市属国企,,上海,上海,,soe,上海市国资委,,,,https://www.gzw.sh.gov.cn/shgzw_xtdw/,official_seed,2026-09-02
sh-delta,长三角一体化示范区新发展建设有限公司,长新公司,长新公司,市属国企,,上海,上海,,soe,上海市国资委,,,,https://www.gzw.sh.gov.cn/shgzw_xtdw/,official_seed,2026-09-02
sh-construction,上海建工集团股份有限公司,上海建工,上海建工,市属国企,,上海,上海,,soe,上海市国资委,,,,https://www.gzw.sh.gov.cn/shgzw_xtdw/,official_seed,2026-09-02
sh-tunnel,上海隧道工程股份有限公司,隧道股份,隧道股份,市属国企,,上海,上海,,soe,上海市国资委,,,,https://www.gzw.sh.gov.cn/shgzw_xtdw/,official_seed,2026-09-02
sh-arcplus,华东建筑集团股份有限公司,华建集团,华建集团,市属国企,,上海,上海,,soe,上海市国资委,,,,https://www.gzw.sh.gov.cn/shgzw_xtdw/,official_seed,2026-09-02
sh-bailian,百联集团有限公司,百联集团,百联集团,市属国企,,上海,上海,,soe,上海市国资委,,,,https://www.gzw.sh.gov.cn/shgzw_xtdw/,official_seed,2026-09-02
sh-jinjiang,锦江国际（集团）有限公司,锦江国际,锦江国际,市属国企,,上海,上海,,soe,上海市国资委,,,,https://www.gzw.sh.gov.cn/shgzw_xtdw/,official_seed,2026-09-02
sh-donghao,东浩兰生（集团）有限公司,东浩兰生,东浩兰生,市属国企,,上海,上海,,soe,上海市国资委,,,,https://www.gzw.sh.gov.cn/shgzw_xtdw/,official_seed,2026-09-02
sh-bright,光明食品（集团）有限公司,光明食品集团,光明食品集团,市属国企,,上海,上海,,soe,上海市国资委,,,,https://www.gzw.sh.gov.cn/shgzw_xtdw/,official_seed,2026-09-02
js-guoxin,江苏省国信集团有限公司,江苏国信,江苏国信,省属国企,,江苏,,,soe,江苏省国资委,,,,https://jsgzw.jiangsu.gov.cn/,official_seed,2026-09-02
js-jt,江苏交通控股有限公司,江苏交控,江苏交控,省属国企,,江苏,,,soe,江苏省国资委,,,,https://jsgzw.jiangsu.gov.cn/,official_seed,2026-09-02
js-airport,东部机场集团有限公司,东部机场,东部机场,省属国企,,江苏,,,soe,江苏省国资委,,,,https://jsgzw.jiangsu.gov.cn/,official_seed,2026-09-02
js-suhao,江苏省苏豪控股集团有限公司,苏豪控股,苏豪控股,省属国企,,江苏,,,soe,江苏省国资委,,,,https://jsgzw.jiangsu.gov.cn/,official_seed,2026-09-02
js-zhongjiang,中国江苏国际经济技术合作集团有限公司,中江集团,中江集团,省属国企,,江苏,,,soe,江苏省国资委,,,,https://jsgzw.jiangsu.gov.cn/,official_seed,2026-09-02
js-nongken,江苏省农垦集团有限公司,江苏农垦,江苏农垦,省属国企,,江苏,,,soe,江苏省国资委,,,,https://jsgzw.jiangsu.gov.cn/,official_seed,2026-09-02
js-xukuang,徐州矿务集团有限公司,徐矿集团,徐矿集团,省属国企,,江苏,,,soe,江苏省国资委,,,,https://jsgzw.jiangsu.gov.cn/,official_seed,2026-09-02
js-coastal,江苏省沿海开发集团有限公司,沿海集团,沿海集团,省属国企,,江苏,,,soe,江苏省国资委,,,,https://jsgzw.jiangsu.gov.cn/,official_seed,2026-09-02
js-port,江苏省港口集团有限公司,江苏港口,江苏港口,省属国企,,江苏,,,soe,江苏省国资委,,,,https://jsgzw.jiangsu.gov.cn/,official_seed,2026-09-02
js-rail,江苏省铁路集团有限公司,江苏铁路,江苏铁路,省属国企,,江苏,,,soe,江苏省国资委,,,,https://jsgzw.jiangsu.gov.cn/,official_seed,2026-09-02
js-env,江苏省环保集团有限公司,江苏环保集团,江苏环保集团,省属国企,,江苏,,,soe,江苏省国资委,,,,https://jsgzw.jiangsu.gov.cn/,official_seed,2026-09-02
js-salt,江苏省盐业集团有限责任公司,苏盐集团,苏盐集团,省属国企,,江苏,,,soe,江苏省国资委,,,,https://jsgzw.jiangsu.gov.cn/,official_seed,2026-09-02
js-grain,江苏省粮食集团有限责任公司,苏粮集团,苏粮集团,省属国企,,江苏,,,soe,江苏省国资委,,,,https://jsgzw.jiangsu.gov.cn/,official_seed,2026-09-02
js-gaotou,江苏高科技投资集团有限公司,江苏高投,江苏高投,省属国企,,江苏,,,soe,江苏省国资委,,,,https://jsgzw.jiangsu.gov.cn/,official_seed,2026-09-02
js-jinling,南京金陵饭店集团有限公司,金陵饭店集团,金陵饭店集团,省属国企,,江苏,,,soe,江苏省国资委,,,,https://jsgzw.jiangsu.gov.cn/,official_seed,2026-09-02
js-zhongshan,江苏钟山宾馆集团有限公司,钟山宾馆集团,钟山宾馆集团,省属国企,,江苏,,,soe,江苏省国资委,,,,https://jsgzw.jiangsu.gov.cn/,official_seed,2026-09-02
js-water,南水北调东线江苏水源有限责任公司,江苏水源,江苏水源,省属国企,,江苏,,,soe,江苏省国资委,,,,https://jsgzw.jiangsu.gov.cn/,official_seed,2026-09-02
js-sports,江苏省体育产业集团有限公司,江苏体产集团,江苏体产集团,省属国企,,江苏,,,soe,江苏省国资委,,,,https://jsgzw.jiangsu.gov.cn/,official_seed,2026-09-02
js-nj-metro,南京地铁集团有限公司,南京地铁,南京地铁,市属国企,,江苏,南京,,soe,南京市国资监管机构,,,,https://jsgzw.jiangsu.gov.cn/,curated_seed,2026-09-02
js-nj-chengtou,南京市城市建设投资控股（集团）有限责任公司,南京城建集团,南京城建集团,市属国企,,江苏,南京,,soe,南京市国资监管机构,,,,https://jsgzw.jiangsu.gov.cn/,curated_seed,2026-09-02
js-sz-guofa,苏州国际发展集团有限公司,苏州国发,苏州国发,市属国企,,江苏,苏州,,soe,苏州市国资监管机构,,,,https://jsgzw.jiangsu.gov.cn/,curated_seed,2026-09-02
js-sz-metro,苏州市轨道交通集团有限公司,苏州轨道,苏州轨道,市属国企,,江苏,苏州,,soe,苏州市国资监管机构,,,,https://jsgzw.jiangsu.gov.cn/,curated_seed,2026-09-02
js-wx-industry,无锡产业发展集团有限公司,无锡产业集团,无锡产业集团,市属国企,,江苏,无锡,,soe,无锡市国资监管机构,,,,https://jsgzw.jiangsu.gov.cn/,curated_seed,2026-09-02
js-wx-metro,无锡地铁集团有限公司,无锡地铁,无锡地铁,市属国企,,江苏,无锡,,soe,无锡市国资监管机构,,,,https://jsgzw.jiangsu.gov.cn/,curated_seed,2026-09-02
ah-energy,安徽省能源集团有限公司,皖能集团,皖能集团|安徽能源集团,省属国企,,安徽,合肥,,soe,安徽省国资委,,,,https://gzw.ah.gov.cn/ssqy/qyzp/index.html,curated_seed,2026-09-02
ah-invest,安徽省投资集团控股有限公司,安徽省投资集团,安徽投资集团|省投资集团,省属国企,,安徽,合肥,,soe,安徽省国资委,,,,https://gzw.ah.gov.cn/ssqy/qyzp/index.html,curated_seed,2026-09-02
ah-ajg,安徽建工集团股份有限公司,安徽建工,安徽建工集团|安徽建工股份,省属国企,,安徽,合肥,,soe,安徽省国资委,,,,https://gzw.ah.gov.cn/ssqy/qyzp/index.html,curated_seed,2026-09-02
ah-conch,安徽海螺集团有限责任公司,海螺集团,安徽海螺|海螺集团,省属国企,,安徽,合肥,,soe,安徽省国资委,,,,https://gzw.ah.gov.cn/ssqy/qyzp/index.html,curated_seed,2026-09-02
ah-tongling,铜陵有色金属集团控股有限公司,铜陵有色,铜陵有色集团|铜陵有色,省属国企,,安徽,铜陵,,soe,安徽省国资委,,,,https://gzw.ah.gov.cn/ssqy/qyzp/index.html,curated_seed,2026-09-02
ah-transport,安徽省交通控股集团有限公司,安徽交控,安徽交控集团|安徽省交控,省属国企,,安徽,合肥,,soe,安徽省国资委,,,,https://gzw.ah.gov.cn/ssqy/qyzp/index.html,curated_seed,2026-09-02
ah-heli,安徽叉车集团有限责任公司,安徽叉车集团,安徽叉车|合力集团,省属国企,,安徽,合肥,,soe,安徽省国资委,,,,https://gzw.ah.gov.cn/ssqy/qyzp/index.html,curated_seed,2026-09-02
ah-port,安徽省港航集团有限公司,安徽港航,安徽港航集团|省港航集团,省属国企,,安徽,合肥,,soe,安徽省国资委,,,,https://gzw.ah.gov.cn/ssqy/qyzp/index.html,curated_seed,2026-09-02
ah-nongken,安徽省农垦集团有限公司,安徽农垦,安徽农垦集团,省属国企,,安徽,合肥,,soe,安徽省国资委,,,,https://gzw.ah.gov.cn/ssqy/qyzp/index.html,curated_seed,2026-09-02
ah-salt,安徽省盐业投资控股集团有限公司,安徽盐业,安徽盐业集团,省属国企,,安徽,合肥,,soe,安徽省国资委,,,,https://gzw.ah.gov.cn/ssqy/qyzp/index.html,curated_seed,2026-09-02
ah-tourism,安徽省旅游集团有限责任公司,安徽旅游集团,省旅游集团,省属国企,,安徽,合肥,,soe,安徽省国资委,,,,https://gzw.ah.gov.cn/ssqy/qyzp/index.html,curated_seed,2026-09-02
ah-yjjh,安徽省引江济淮集团有限公司,引江济淮集团,安徽引江济淮,省属国企,,安徽,合肥,,soe,安徽省国资委,,,,https://gzw.ah.gov.cn/ssqy/qyzp/index.html,curated_seed,2026-09-02
ah-huishang,安徽省徽商集团有限公司,徽商集团,安徽徽商集团,省属国企,,安徽,合肥,,soe,安徽省国资委,,,,https://gzw.ah.gov.cn/ssqy/qyzp/index.html,curated_seed,2026-09-02
ah-guoyuan,安徽国元金融控股集团有限责任公司,国元金控,国元金控|国元金融控股,省属国企,,安徽,合肥,,soe,安徽省国资委,,,,https://gzw.ah.gov.cn/ssqy/qyzp/index.html,curated_seed,2026-09-02
ah-guarantee,安徽省信用融资担保集团有限公司,安徽省担保集团,安徽担保集团|省信用担保集团,省属国企,,安徽,合肥,,soe,安徽省国资委,,,,https://gzw.ah.gov.cn/ssqy/qyzp/index.html,curated_seed,2026-09-02
ah-huaihe,淮河能源控股集团有限责任公司,淮河能源,淮河能源集团,省属国企,,安徽,淮南,,soe,安徽省国资委,,,,https://gzw.ah.gov.cn/ssqy/qyzp/index.html,curated_seed,2026-09-02
ah-hf-ct,合肥市产业投资控股（集团）有限公司,合肥产投,合肥产投集团|合肥产投,市属国企,,安徽,合肥,,soe,合肥市国资监管机构,,,,https://gzw.ah.gov.cn/ssqy/qyzp/index.html,curated_seed,2026-09-02
ah-hf-xt,合肥兴泰金融控股（集团）有限公司,合肥兴泰,兴泰控股|合肥兴泰,市属国企,,安徽,合肥,,soe,合肥市国资监管机构,,,,https://gzw.ah.gov.cn/ssqy/qyzp/index.html,curated_seed,2026-09-02
ah-hf-water,合肥水务集团有限公司,合肥水务,合肥水务|合肥水务投资集团,市属国企,,安徽,合肥,,soe,合肥市国资监管机构,,,,https://gzw.ah.gov.cn/ssqy/qyzp/index.html,curated_seed,2026-09-02
ah-hf-metro,合肥市轨道交通集团有限公司,合肥轨道,合肥轨道集团|合肥地铁,市属国企,,安徽,合肥,,soe,合肥市国资监管机构,,,,https://gzw.ah.gov.cn/ssqy/qyzp/index.html,curated_seed,2026-09-02
ah-hf-wenlv,合肥文旅博览集团有限公司,合肥文旅博览,合肥文旅|合肥文旅博览集团,市属国企,,安徽,合肥,,soe,合肥市国资监管机构,,,,https://gzw.ah.gov.cn/ssqy/qyzp/index.html,curated_seed,2026-09-02
ah-wuhu-chery,奇瑞控股集团有限公司,奇瑞集团,奇瑞控股|奇瑞集团|奇瑞汽车,市属国企,,安徽,芜湖,,soe,芜湖市国资监管机构,,,,https://gzw.ah.gov.cn/ssqy/qyzp/index.html,curated_seed,2026-09-02
ah-hefei-jac,安徽江淮汽车集团控股有限公司,江汽集团,江淮汽车集团|江汽集团|JAC,市属国企,,安徽,合肥,,soe,合肥市国资监管机构,,,,https://gzw.ah.gov.cn/ssqy/qyzp/index.html,curated_seed,2026-09-02
zj-comm,浙江省交通投资集团有限公司,浙江交投,浙江交投集团|省交通集团,省属国企,,浙江,杭州,,soe,浙江省国资委,,,,https://gzw.zj.gov.cn/,curated_seed,2026-09-02
zj-energy,浙江省能源集团有限公司,浙能集团,浙江能源集团|浙能集团,省属国企,,浙江,杭州,,soe,浙江省国资委,,,,https://gzw.zj.gov.cn/,curated_seed,2026-09-02
zj-wuchan,物产中大集团股份有限公司,物产中大,物产中大集团|物产中大,省属国企,,浙江,杭州,,soe,浙江省国资委,,,,https://gzw.zj.gov.cn/,curated_seed,2026-09-02
zj-guomao,浙江省国际贸易集团有限公司,浙江国贸,浙江国贸集团|省国贸集团,省属国企,,浙江,杭州,,soe,浙江省国资委,,,,https://gzw.zj.gov.cn/,curated_seed,2026-09-02
zj-seaport,浙江省海港投资运营集团有限公司,浙江海港,浙江海港集团|省海港集团,省属国企,,浙江,杭州,,soe,浙江省国资委,,,,https://gzw.zj.gov.cn/,curated_seed,2026-09-02
zj-construction,浙江省建设投资集团股份有限公司,浙江建投,浙江建设集团|浙江建投,省属国企,,浙江,杭州,,soe,浙江省国资委,,,,https://gzw.zj.gov.cn/,curated_seed,2026-09-02
zj-hangsteel,杭州钢铁集团有限公司,杭钢集团,杭州钢铁|杭钢集团,省属国企,,浙江,杭州,,soe,浙江省国资委,,,,https://gzw.zj.gov.cn/,curated_seed,2026-09-02
zj-airport,浙江省机场集团有限公司,浙江机场集团,省机场集团|浙江机场,省属国企,,浙江,杭州,,soe,浙江省国资委,,,,https://gzw.zj.gov.cn/,curated_seed,2026-09-02
zj-tourism,浙江省旅游投资集团有限公司,浙江旅投,浙江旅投集团|省旅游集团,省属国企,,浙江,杭州,,soe,浙江省国资委,,,,https://gzw.zj.gov.cn/,curated_seed,2026-09-02
zj-mechanical,浙江省机电集团有限公司,浙江机电集团,省机电集团|浙江机电,省属国企,,浙江,杭州,,soe,浙江省国资委,,,,https://gzw.zj.gov.cn/,curated_seed,2026-09-02
zj-capital,浙江省国有资本运营有限公司,浙江国资运营,省国资运营公司|浙江国资运营,省属国企,,浙江,杭州,,soe,浙江省国资委,,,,https://gzw.zj.gov.cn/,curated_seed,2026-09-02
zj-finance,浙江省金融控股有限公司,浙江金控,省金融控股|浙江金控,省属国企,,浙江,杭州,,soe,浙江省国资委,,,,https://gzw.zj.gov.cn/,curated_seed,2026-09-02
zj-hz-chengtou,杭州市城市建设投资集团有限公司,杭州城投,杭州城投集团|杭州城投,市属国企,,浙江,杭州,,soe,杭州市国资监管机构,,,,https://gzw.zj.gov.cn/,curated_seed,2026-09-02
zj-hz-jt,杭州市交通投资集团有限公司,杭州交投,杭州交投集团|杭州交投,市属国企,,浙江,杭州,,soe,杭州市国资监管机构,,,,https://gzw.zj.gov.cn/,curated_seed,2026-09-02
zj-hz-metro,杭州地铁集团有限责任公司,杭州地铁,杭州地铁集团|杭州轨道,市属国企,,浙江,杭州,,soe,杭州市国资监管机构,,,,https://gzw.zj.gov.cn/,curated_seed,2026-09-02
zj-hz-fin,杭州市金融投资集团有限公司,杭州金投,杭州金投集团|杭州金融投资,市属国企,,浙江,杭州,,soe,杭州市国资监管机构,,,,https://gzw.zj.gov.cn/,curated_seed,2026-09-02
zj-hz-trade,杭州市商贸旅游集团有限公司,杭州商旅,杭州商旅集团|杭商旅,市属国企,,浙江,杭州,,soe,杭州市国资监管机构,,,,https://gzw.zj.gov.cn/,curated_seed,2026-09-02
zj-hz-huqing,杭州胡庆余堂集团有限公司,胡庆余堂集团,杭州胡庆余堂|胡庆余堂集团,市属国企,,浙江,杭州,,soe,杭州市国资监管机构,,,,https://gzw.zj.gov.cn/,curated_seed,2026-09-02
zj-nb-metro,宁波市轨道交通集团有限公司,宁波轨道,宁波轨道集团|宁波地铁,市属国企,,浙江,宁波,,soe,宁波市国资监管机构,,,,https://gzw.zj.gov.cn/,curated_seed,2026-09-02
